time_s,Potential_V,Current_A,Cycle
0.00000,-0.200000,3.160000000000e-06,1
0.02004,-0.197996,3.279400578858e-06,1
0.04008,-0.195992,3.130136670963e-06,1
0.06012,-0.193988,3.050104642930e-06,1
0.08016,-0.191984,3.220896808549e-06,1
0.10020,-0.189980,3.257822461531e-06,1
0.12024,-0.187976,3.078419847108e-06,1
0.14028,-0.185972,3.088629157754e-06,1
0.16032,-0.183968,3.266305830608e-06,1
0.18036,-0.181964,3.211216083205e-06,1
0.20040,-0.179960,3.048640317007e-06,1
0.22044,-0.177956,3.146528934538e-06,1
0.24048,-0.175952,3.284784767256e-06,1
0.26052,-0.173948,3.152174029391e-06,1
0.28056,-0.171944,3.048995408956e-06,1
0.30060,-0.169940,3.209099026531e-06,1
0.32064,-0.167936,3.271925593049e-06,1
0.34068,-0.165932,3.096537146458e-06,1
0.36072,-0.163928,3.079811136718e-06,1
0.38076,-0.161924,3.260414577209e-06,1
0.40080,-0.159920,3.231505954399e-06,1
0.42084,-0.157916,3.059256833047e-06,1
0.44088,-0.155912,3.133457043091e-06,1
0.46092,-0.153908,3.287490472729e-06,1
0.48096,-0.151904,3.174502429359e-06,1
0.50100,-0.149900,3.050489659706e-06,1
0.52104,-0.147896,3.196339313626e-06,1
0.54108,-0.145892,3.283673118840e-06,1
0.56112,-0.143888,3.116223390351e-06,1
0.58116,-0.141884,3.072944421677e-06,1
0.60120,-0.139880,3.252451549197e-06,1
0.62124,-0.137876,3.250378393102e-06,1
0.64128,-0.135872,3.072310380445e-06,1
0.66132,-0.133868,3.121174587989e-06,1
0.68136,-0.131864,3.287555717791e-06,1
0.70140,-0.129860,3.196721810554e-06,1
0.72144,-0.127856,3.054652463804e-06,1
0.74148,-0.125852,3.183000962681e-06,1
0.76152,-0.123848,3.292901199935e-06,1
0.78156,-0.121844,3.137137505440e-06,1
0.80160,-0.119840,3.068280742446e-06,1
0.82164,-0.117836,3.242692951920e-06,1
0.84168,-0.115832,3.267510494423e-06,1
0.86172,-0.113828,3.087607962888e-06,1
0.88176,-0.111824,3.110054207147e-06,1
0.90180,-0.109820,3.285077474068e-06,1
0.92184,-0.107816,3.218434546542e-06,1
0.94188,-0.105812,3.061489313578e-06,1
0.96192,-0.103808,3.169480184817e-06,1
0.98196,-0.101804,3.299502244761e-06,1
1.00200,-0.099800,3.158911005766e-06,1
1.02204,-0.097796,3.066022645371e-06,1
1.04208,-0.095792,3.231455077373e-06,1
1.06212,-0.093788,3.282618207052e-06,1
1.08216,-0.091784,3.104906485276e-06,1
1.10220,-0.089780,3.100442594808e-06,1
1.12224,-0.087776,3.280209497371e-06,1
1.14228,-0.085772,3.239254321901e-06,1
1.16232,-0.083768,3.070946002449e-06,1
1.18236,-0.081764,3.156177263896e-06,1
1.20240,-0.079760,3.303427311155e-06,1
1.22244,-0.077756,3.181156219326e-06,1
1.24248,-0.075752,3.066318971420e-06,1
1.26252,-0.073747,3.219087242881e-06,1
1.28256,-0.071743,3.295462674792e-06,1
1.30260,-0.069739,3.123918180895e-06,1
1.32264,-0.067735,3.092652761481e-06,1
1.34268,-0.065731,3.273158895051e-06,1
1.36272,-0.063727,3.258814756837e-06,1
1.38276,-0.061723,3.082909835102e-06,1
1.40280,-0.059719,3.143487620052e-06,1
1.42284,-0.057715,3.304687199018e-06,1
1.44288,-0.055711,3.203474942969e-06,1
1.46292,-0.053707,3.069261533263e-06,1
1.48296,-0.051703,3.205963992481e-06,1
1.50300,-0.049699,3.305855569099e-06,1
1.52304,-0.047695,3.144317035900e-06,1
1.54308,-0.045691,3.086957045887e-06,1
1.56312,-0.043687,3.264181502264e-06,1
1.58316,-0.041683,3.276777586726e-06,1
1.60320,-0.039679,3.097212143450e-06,1
1.62324,-0.037675,3.131792981818e-06,1
1.64328,-0.035671,3.303352209197e-06,1
1.66332,-0.033667,3.225467332408e-06,1
1.68336,-0.031663,3.074883065521e-06,1
1.70340,-0.029659,3.192476735108e-06,1
1.72344,-0.027655,3.313663293580e-06,1
1.74348,-0.025651,3.165746067677e-06,1
1.76352,-0.023647,3.083581034909e-06,1
1.78356,-0.021643,3.253576170370e-06,1
1.80360,-0.019639,3.292840213982e-06,1
1.82364,-0.017635,3.113632052200e-06,1
1.84368,-0.015631,3.121452863911e-06,1
1.86372,-0.013627,3.299550573999e-06,1
1.88376,-0.011623,3.246740828871e-06,1
1.90380,-0.009619,3.083156493959e-06,1
1.92384,-0.007615,3.179025006266e-06,1
1.94388,-0.005611,3.318809966570e-06,1
1.96392,-0.003607,3.187825294588e-06,1
1.98396,-0.001603,3.082698527295e-06,1
2.00400,0.000401,3.241678094980e-06,1
2.02404,0.002405,3.306742463637e-06,1
2.04408,0.004409,3.131901409965e-06,1
2.06412,0.006413,3.112796540959e-06,1
2.08416,0.008417,3.293465594369e-06,1
2.10420,0.010421,3.266918923098e-06,1
2.12424,0.012425,3.093995539925e-06,1
2.14428,0.014429,3.166007548276e-06,1
2.16432,0.016433,3.321279115216e-06,1
2.18436,0.018437,3.210160219190e-06,1
2.20440,0.020441,3.084427653546e-06,1
2.22444,0.022445,3.228851332612e-06,1
2.24448,0.024449,3.318272391835e-06,1
2.26452,0.026453,3.151710775825e-06,1
2.28456,0.028457,3.106115696336e-06,1
2.30460,0.030461,3.285331547631e-06,1
2.32464,0.032465,3.285649561027e-06,1
2.34468,0.034469,3.107256646549e-06,1
2.36472,0.036473,3.153813408224e-06,1
2.38476,0.038477,3.321114043242e-06,1
2.40480,0.040481,3.232350635507e-06,1
2.42484,0.042485,3.088828238621e-06,1
2.44488,0.044489,3.215480673020e-06,1
2.46492,0.046493,3.327271017555e-06,1
2.48496,0.048497,3.172716327712e-06,1
2.50500,0.050501,3.101657910262e-06,1
2.52504,0.052505,3.275428457210e-06,1
2.54508,0.054509,3.302613003557e-06,1
2.56512,0.056513,3.122742183752e-06,1
2.58516,0.058517,3.142813252443e-06,1
2.60520,0.060521,3.318416864279e-06,1
2.62524,0.062525,3.253999563903e-06,1
2.64528,0.064529,3.095900466519e-06,1
2.66532,0.066533,3.201963048906e-06,1
2.68536,0.068537,3.333635872268e-06,1
2.70540,0.070541,3.194547538834e-06,1
2.72544,0.072545,3.099621133165e-06,1
2.74548,0.074549,3.264075841920e-06,1
2.76552,0.076553,3.317528966046e-06,1
2.78556,0.078557,3.140204862055e-06,1
2.80560,0.080561,3.133351093505e-06,1
2.82564,0.082565,3.313346225161e-06,1
2.84568,0.084569,3.274722117815e-06,1
2.86572,0.086573,3.105584881583e-06,1
2.88576,0.088577,3.188698681510e-06,1
2.90580,0.090581,3.337323297241e-06,1
2.92584,0.092585,3.216815462660e-06,1
2.94588,0.094589,3.100149283458e-06,1
2.96592,0.096593,3.251625605262e-06,1
2.98596,0.098597,3.330162905728e-06,1
3.00600,0.100601,3.159353292976e-06,1
3.02604,0.102605,3.125736662180e-06,1
3.04608,0.104609,3.306113832656e-06,1
3.06612,0.106613,3.294154186455e-06,1
3.08616,0.108617,3.117763833703e-06,1
3.10620,0.110621,3.176082299521e-06,1
3.12624,0.112625,3.338349619003e-06,1
3.14628,0.114629,3.239121677517e-06,1
3.16632,0.116633,3.103329373723e-06,1
3.18636,0.118637,3.238454618576e-06,1
3.20640,0.120641,3.340331826213e-06,1
3.22644,0.122645,3.179859227521e-06,1
3.24648,0.124649,3.120239436502e-06,1
3.26652,0.126653,3.296980939663e-06,1
3.28656,0.128657,3.311962118202e-06,1
3.30660,0.130661,3.132266093414e-06,1
3.32664,0.132665,3.164496864897e-06,1
3.34668,0.134669,3.336794017870e-06,1
3.36672,0.136673,3.261071290542e-06,1
3.38676,0.138677,3.109194779331e-06,1
3.40680,0.140681,3.224962901918e-06,1
3.42684,0.142685,3.347916690201e-06,1
3.44688,0.144689,3.201375376675e-06,1
3.46692,0.146693,3.117095816776e-06,1
3.48696,0.148697,3.286269060842e-06,1
3.50700,0.150701,3.327870883436e-06,1
3.52704,0.152705,3.148896546042e-06,1
3.54708,0.154709,3.154337264802e-06,1
3.56712,0.156713,3.332836851862e-06,1
3.58716,0.158717,3.282331496034e-06,1
3.60720,0.160721,3.117786071822e-06,1
3.62724,0.162725,3.211640754441e-06,1
3.64728,0.164729,3.352958815963e-06,1
3.66732,0.166733,3.223658430491e-06,1
3.68736,0.168737,3.116645264060e-06,1
3.70740,0.170741,3.274525900893e-06,1
3.72744,0.172745,3.341881630198e-06,1
3.74748,0.174749,3.167698160746e-06,1
3.76752,0.176754,3.146314680832e-06,1
3.78756,0.178758,3.327135498068e-06,1
3.80760,0.180762,3.303098687264e-06,1
3.82764,0.182766,3.129705084487e-06,1
3.84768,0.184770,3.199726255766e-06,1
3.86772,0.186774,3.356462189074e-06,1
3.88776,0.188778,3.247537409098e-06,1
3.90780,0.190782,3.120474328506e-06,1
3.92784,0.192786,3.263887104393e-06,1
3.94788,0.194790,3.355907004003e-06,1
3.96792,0.196794,3.190892754182e-06,1
3.98796,0.198798,3.143740595645e-06,1
4.00800,0.200802,3.323527105186e-06,1
4.02804,0.202806,3.327296919277e-06,1
4.04808,0.204810,3.149867057802e-06,1
4.06812,0.206814,3.195593706713e-06,1
4.08816,0.208818,3.365536903041e-06,1
4.10820,0.210822,3.280922665045e-06,1
4.12824,0.212826,3.138396012827e-06,1
4.14828,0.214830,3.266171127401e-06,1
4.16832,0.216834,3.383155267179e-06,1
4.18836,0.218838,3.233716088624e-06,1
4.20840,0.220842,3.164987206544e-06,1
4.22844,0.222846,3.343337769953e-06,1
4.24848,0.224850,3.378976403981e-06,1
4.26852,0.226854,3.206219559513e-06,1
4.28856,0.228858,3.232054756240e-06,1
4.30860,0.230862,3.417591909895e-06,1
4.32864,0.232866,3.366202888250e-06,1
4.34868,0.234870,3.219360628326e-06,1
4.36872,0.236874,3.337654839363e-06,1
4.38876,0.238878,3.487154835073e-06,1
4.40880,0.240882,3.368062422605e-06,1
4.42884,0.242886,3.292124305210e-06,1
4.44888,0.244890,3.479420709593e-06,1
4.46892,0.246894,3.562165967932e-06,1
4.48896,0.248898,3.415788046123e-06,1
4.50900,0.250902,3.440970762262e-06,1
4.52904,0.252906,3.659897678105e-06,1
4.54908,0.254910,3.667100152229e-06,1
4.56912,0.256914,3.545881243256e-06,1
4.58916,0.258918,3.681316712052e-06,1
4.60920,0.260922,3.892019545502e-06,1
4.62924,0.262926,3.840873872603e-06,1
4.64928,0.264930,3.797428291365e-06,1
4.66932,0.266934,4.030700215002e-06,1
4.68936,0.268938,4.203247884103e-06,1
4.70940,0.270942,4.134503683045e-06,1
4.72944,0.272946,4.209995129839e-06,1
4.74948,0.274950,4.512554227024e-06,1
4.76952,0.276954,4.636967409048e-06,1
4.78956,0.278958,4.606520690312e-06,1
4.80960,0.280962,4.822156580824e-06,1
4.82964,0.282966,5.159019680109e-06,1
4.84968,0.284970,5.250097612393e-06,1
4.86972,0.286974,5.316570439620e-06,1
4.88976,0.288978,5.670182547153e-06,1
4.90980,0.290982,6.011109843304e-06,1
4.92984,0.292986,6.106501759045e-06,1
4.94988,0.294990,6.317741995282e-06,1
4.96992,0.296994,6.786016851131e-06,1
4.98996,0.298998,7.114903177152e-06,1
5.01000,0.301002,7.266571443151e-06,1
5.03004,0.303006,7.648233307664e-06,1
5.05008,0.305010,8.193638751759e-06,1
5.07012,0.307014,8.513293227695e-06,1
5.09016,0.309018,8.774227994855e-06,1
5.11020,0.311022,9.323053047324e-06,1
5.13024,0.313026,9.903299838682e-06,1
5.15028,0.315030,1.023402954609e-05,1
5.17032,0.317034,1.064336981995e-05,1
5.19036,0.319038,1.132663330121e-05,1
5.21040,0.321042,1.190393991050e-05,1
5.23044,0.323046,1.227608101633e-05,1
5.25048,0.325050,1.284634000191e-05,1
5.27052,0.327054,1.360746013374e-05,1
5.29056,0.329058,1.415509849858e-05,1
5.31060,0.331062,1.459739107058e-05,1
5.33064,0.333066,1.530711766020e-05,1
5.35068,0.335070,1.607600910934e-05,1
5.37072,0.337074,1.658052021713e-05,1
5.39076,0.339078,1.710751448430e-05,1
5.41080,0.341082,1.790151108870e-05,1
5.43084,0.343086,1.860723262502e-05,1
5.45088,0.345090,1.906603691384e-05,1
5.47092,0.347094,1.966817113306e-05,1
5.49096,0.349098,2.046560545944e-05,1
5.51100,0.351102,2.104843299839e-05,1
5.53104,0.353106,2.146393082940e-05,1
5.55108,0.355110,2.210337531792e-05,1
5.57112,0.357114,2.281219705002e-05,1
5.59116,0.359118,2.323252019401e-05,1
5.61120,0.361122,2.360479165131e-05,1
5.63124,0.363126,2.421872411211e-05,1
5.65128,0.365130,2.475320634911e-05,1
5.67132,0.367134,2.499551097972e-05,1
5.69136,0.369138,2.531610402449e-05,1
5.71140,0.371142,2.582713387848e-05,1
5.73144,0.373146,2.612451732604e-05,1
5.75148,0.375150,2.619595651469e-05,1
5.77152,0.377154,2.644490763721e-05,1
5.79156,0.379158,2.677642394526e-05,1
5.81160,0.381162,2.680878700033e-05,1
5.83164,0.383166,2.673315522180e-05,1
5.85168,0.385170,2.688043177386e-05,1
5.87172,0.387174,2.697324470498e-05,1
5.89176,0.389178,2.675184485157e-05,1
5.91180,0.391182,2.656084187931e-05,1
5.93184,0.393186,2.657210796644e-05,1
5.95188,0.395190,2.639828179706e-05,1
5.97192,0.397194,2.596944550657e-05,1
5.99196,0.399198,2.569368975785e-05,1
6.01200,0.401202,2.553903449705e-05,1
6.03204,0.403206,2.510941119174e-05,1
6.05208,0.405210,2.454312596870e-05,1
6.07212,0.407214,2.420531276339e-05,1
6.09216,0.409218,2.386867736845e-05,1
6.11220,0.411222,2.323211015740e-05,1
6.13224,0.413226,2.260625138376e-05,1
6.15228,0.415230,2.221816410121e-05,1
6.17232,0.417234,2.170489405331e-05,1
6.19236,0.419238,2.093924728418e-05,1
6.21240,0.421242,2.032338301727e-05,1
6.23244,0.423246,1.988732765562e-05,1
6.25248,0.425251,1.922763347310e-05,1
6.27252,0.427255,1.842462199880e-05,1
6.29256,0.429259,1.786731457549e-05,1
6.31260,0.431263,1.738125804241e-05,1
6.33264,0.433267,1.662830273338e-05,1
6.35268,0.435271,1.587572083361e-05,1
6.37272,0.437275,1.539820135330e-05,1
6.39276,0.439279,1.486280148168e-05,1
6.41280,0.441283,1.408541753200e-05,1
6.43284,0.443287,1.345087835615e-05,1
6.45288,0.445291,1.304820432962e-05,1
6.47292,0.447295,1.247333589572e-05,1
6.49296,0.449299,1.174470123985e-05,1
6.51300,0.451303,1.126455213008e-05,1
6.53304,0.453307,1.091335959087e-05,1
6.55308,0.455311,1.032184604267e-05,1
6.57312,0.457315,9.706497089667e-06,1
6.59316,0.459319,9.382237476851e-06,1
6.61320,0.461323,9.052510443014e-06,1
6.63324,0.463327,8.479556079145e-06,1
6.65328,0.465331,8.021626339695e-06,1
6.67332,0.467335,7.824291791025e-06,1
6.69336,0.469339,7.491638879084e-06,1
6.71340,0.471343,6.979714046506e-06,1
6.73344,0.473347,6.695118532289e-06,1
6.75348,0.475351,6.576180677313e-06,1
6.77352,0.477355,6.231156260603e-06,1
6.79356,0.479359,5.821466708611e-06,1
6.81360,0.481363,5.695920828395e-06,1
6.83364,0.483367,5.601755844570e-06,1
6.85368,0.485371,5.253743103469e-06,1
6.87372,0.487375,4.976515177678e-06,1
6.89376,0.489379,4.969958826817e-06,1
6.91380,0.491383,4.856206082003e-06,1
6.93384,0.493387,4.530993407715e-06,1
6.95388,0.495391,4.397300056603e-06,1
6.97392,0.497395,4.453796766313e-06,1
6.99396,0.499399,4.296116582173e-06,1
7.01400,0.501403,4.028089686751e-06,1
7.03404,0.503407,4.025666981758e-06,1
7.05408,0.505411,4.086527760579e-06,1
7.07412,0.507415,3.885299749826e-06,1
7.09416,0.509419,3.706651870587e-06,1
7.11420,0.511423,3.801168706248e-06,1
7.13424,0.513427,3.818245137217e-06,1
7.15428,0.515431,3.596351004640e-06,1
7.17432,0.517435,3.526495372149e-06,1
7.19436,0.519439,3.668301689307e-06,1
7.21440,0.521443,3.614321050972e-06,1
7.23444,0.523447,3.408921186309e-06,1
7.25448,0.525451,3.447184236462e-06,1
7.27452,0.527455,3.582068828617e-06,1
7.29456,0.529459,3.455584536938e-06,1
7.31460,0.531463,3.306287211305e-06,1
7.33464,0.533467,3.430019024716e-06,1
7.35468,0.535471,3.511371471507e-06,1
7.37472,0.537475,3.335216789492e-06,1
7.39476,0.539479,3.271887917559e-06,1
7.41480,0.541483,3.440618278060e-06,1
7.43484,0.543487,3.439930921672e-06,1
7.45488,0.545491,3.253671283238e-06,1
7.47492,0.547495,3.287140234845e-06,1
7.49496,0.549499,3.451747199424e-06,1
7.51500,0.551503,3.364748986737e-06,1
7.53504,0.553507,3.213123388354e-06,1
7.55508,0.555511,3.331216978680e-06,1
7.57512,0.557515,3.445704531444e-06,1
7.59516,0.559519,3.292504518675e-06,1
7.61520,0.561523,3.212845176115e-06,1
7.63524,0.563527,3.382747312476e-06,1
7.65528,0.565531,3.415510163975e-06,1
7.67532,0.567535,3.234661878289e-06,1
7.69536,0.569539,3.246522353406e-06,1
7.71540,0.571543,3.422783770302e-06,1
7.73544,0.573547,3.364355341201e-06,1
7.75548,0.575551,3.202329505641e-06,1
7.77552,0.577555,3.301967048804e-06,1
7.79556,0.579559,3.438009724345e-06,1
7.81560,0.581563,3.303207136597e-06,1
7.83564,0.583567,3.201961577210e-06,1
7.85568,0.585571,3.363055829216e-06,1
7.87572,0.587575,3.423110207851e-06,1
7.89576,0.589579,3.246961660182e-06,1
7.91580,0.591583,3.232803598608e-06,1
7.93584,0.593587,3.413175218306e-06,1
7.95588,0.595591,3.381486460846e-06,1
7.97592,0.597595,3.209962094056e-06,1
7.99596,0.599599,3.286572397193e-06,1
8.01600,0.601603,3.439110014365e-06,1
8.03604,0.603607,3.323974817446e-06,1
8.05608,0.605611,3.201911300985e-06,1
8.07612,0.607615,3.349324585584e-06,1
8.09616,0.609619,3.434240279154e-06,1
8.11620,0.611623,3.265796636883e-06,1
8.13624,0.613627,3.225148730669e-06,1
8.15628,0.615631,3.404936950923e-06,1
8.17632,0.617635,3.400132261989e-06,1
8.19636,0.619639,3.222464518739e-06,1
8.21640,0.621643,3.273939055813e-06,1
8.23644,0.623647,3.439232814624e-06,1
8.25648,0.625651,3.346057244938e-06,1
8.27652,0.627655,3.205669497305e-06,1
8.29656,0.629659,3.335919019262e-06,1
8.31660,0.631663,3.443641983897e-06,1
8.33664,0.633667,3.286533731623e-06,1
8.35668,0.635671,3.220197088340e-06,1
8.37672,0.637675,3.395301584981e-06,1
8.39676,0.639679,3.417418359132e-06,1
8.41680,0.641683,3.237517728310e-06,1
8.43684,0.643687,3.262662863345e-06,1
8.45688,0.645691,3.436987669470e-06,1
8.47692,0.647695,3.367824989265e-06,1
8.49696,0.649699,3.212226869279e-06,1
8.51700,0.651703,3.322389843592e-06,1
8.53704,0.653707,3.450504665129e-06,1
8.55708,0.655711,3.308232488905e-06,1
8.57712,0.657715,3.217684287534e-06,1
8.59716,0.659719,3.384194439700e-06,1
8.61720,0.661723,3.432739552234e-06,1
8.63724,0.663727,3.254624635798e-06,1
8.65728,0.665731,3.252882577991e-06,1
8.67732,0.667735,3.432351225178e-06,1
8.69736,0.669739,3.388751025523e-06,1
8.71740,0.671743,3.221422517988e-06,1
8.73744,0.673747,3.309046288696e-06,1
8.75748,0.675752,3.454699979363e-06,1
8.77752,0.677756,3.330447725596e-06,1
8.79756,0.679760,3.217717345661e-06,1
8.81760,0.681764,3.371923853155e-06,1
8.83764,0.683768,3.445821792559e-06,1
8.85768,0.685772,3.273477479950e-06,1
8.87772,0.687776,3.244895653607e-06,1
8.89776,0.689780,3.425510070579e-06,1
8.91780,0.691784,3.408454433670e-06,1
8.93784,0.693788,3.233139950261e-06,1
8.95788,0.695792,3.296277083241e-06,1
8.97792,0.697796,3.456226707178e-06,1
8.99796,0.699800,3.352777202081e-06,1
9.01800,0.701804,3.220390261358e-06,1
9.03804,0.703808,3.358859308316e-06,1
9.05808,0.705812,3.456469185476e-06,1
9.07812,0.707816,3.293752033167e-06,1
9.09816,0.709820,3.238977459634e-06,1
9.11820,0.711824,3.416714301658e-06,1
9.13824,0.713828,3.426592933424e-06,1
9.15828,0.715832,3.247215362081e-06,1
9.17832,0.717836,3.284465240576e-06,1
9.19836,0.719840,3.455148813741e-06,1
9.21840,0.721844,3.374820543253e-06,1
9.23844,0.723848,3.225741566216e-06,1
9.25848,0.725852,3.345390732872e-06,1
9.27852,0.727856,3.464542322526e-06,1
9.29856,0.729860,3.315093988603e-06,1
9.31860,0.731864,3.235358474327e-06,1
9.33864,0.733868,3.406258657641e-06,1
9.35868,0.735872,3.442859961894e-06,1
9.37872,0.737876,3.263432910870e-06,1
9.39876,0.739880,3.273972867287e-06,1
9.41880,0.741884,3.451588772967e-06,1
9.43884,0.743888,3.396184038823e-06,1
9.45888,0.745892,3.233750208413e-06,1
9.47892,0.747896,3.331917237394e-06,1
9.49896,0.749900,3.469959390759e-06,1
9.51900,0.751904,3.337125304261e-06,1
9.53904,0.753908,3.234217917662e-06,1
9.55908,0.755912,3.394474989898e-06,1
9.57912,0.757916,3.456990779004e-06,1
9.59916,0.759920,3.281528961668e-06,1
9.61920,0.761924,3.265132636174e-06,1
9.63924,0.763928,3.445724491409e-06,1
9.65928,0.765932,3.416489169746e-06,1
9.67932,0.767936,3.244335820348e-06,1
9.69936,0.769940,3.318838049866e-06,1
9.71940,0.771944,3.472697880458e-06,1
9.73944,0.773948,3.359452552176e-06,1
9.75948,0.775952,3.235679681058e-06,1
9.77952,0.777956,3.381724800679e-06,1
9.79956,0.779960,3.468768338000e-06,1
9.81960,0.781964,3.301197942649e-06,1
9.83964,0.783968,3.258240336391e-06,1
9.85968,0.785972,3.437785319216e-06,1
9.87972,0.787976,3.435381045810e-06,1
9.89976,0.789980,3.257360503133e-06,1
9.91980,0.791984,3.306543595496e-06,1
9.93984,0.793988,3.472795082213e-06,1
9.95988,0.795992,3.381675697752e-06,1
9.97992,0.797996,3.239809558424e-06,1
9.99996,0.800000,3.368391170210e-06,1
10.02000,0.800000,-4.302372672192e-06,1
10.04004,0.797996,-4.458902838145e-06,1
10.06008,0.795992,-4.528054937476e-06,1
10.08012,0.793988,-4.354157479670e-06,1
10.10016,0.791984,-4.330269283043e-06,1
10.12020,0.789980,-4.510774908760e-06,1
10.14024,0.787976,-4.488601235945e-06,1
10.16028,0.785972,-4.314261964232e-06,1
10.18032,0.783968,-4.381813390330e-06,1
10.20036,0.781964,-4.539197846057e-06,1
10.22040,0.779960,-4.431542621425e-06,1
10.24044,0.777956,-4.302352174333e-06,1
10.26048,0.775952,-4.443750797294e-06,1
10.28052,0.773948,-4.536956818931e-06,1
10.30056,0.771944,-4.371992473207e-06,1
10.32060,0.769940,-4.321748389657e-06,1
10.34064,0.767936,-4.500112525136e-06,1
10.36068,0.765932,-4.504846577697e-06,1
10.38072,0.763928,-4.325714971684e-06,1
10.40076,0.761924,-4.367593604185e-06,1
10.42080,0.759920,-4.536385990428e-06,1
10.44084,0.757916,-4.451463861317e-06,1
10.46088,0.755912,-4.305007415317e-06,1
10.48092,0.753908,-4.428122200553e-06,1
10.50096,0.751904,-4.543305764748e-06,1
10.52100,0.749900,-4.390961886036e-06,1
10.54104,0.747896,-4.315488104547e-06,1
10.56108,0.745892,-4.487733188360e-06,1
10.58112,0.743888,-4.519273751094e-06,1
10.60116,0.741884,-4.339353454254e-06,1
10.62120,0.739880,-4.354628813522e-06,1
10.64124,0.737876,-4.531065261165e-06,1
10.66128,0.735872,-4.470776614836e-06,1
10.68132,0.733868,-4.310328330172e-06,1
10.70136,0.731864,-4.412415175381e-06,1
10.72140,0.729860,-4.547009246838e-06,1
10.74144,0.727856,-4.410691434168e-06,1
10.76148,0.725852,-4.311677404668e-06,1
10.78152,0.723848,-4.473962485139e-06,1
10.80156,0.721844,-4.531609879072e-06,1
10.82160,0.719840,-4.354922142647e-06,1
10.84164,0.717836,-4.343257675492e-06,1
10.86168,0.715832,-4.523403659344e-06,1
10.88172,0.713828,-4.489098932804e-06,1
10.90176,0.711824,-4.318245341921e-06,1
10.92180,0.709820,-4.397029600176e-06,1
10.94184,0.707816,-4.548033797916e-06,1
10.96188,0.705812,-4.430789863355e-06,1
10.98192,0.703808,-4.310450579214e-06,1
11.00196,0.701804,-4.459157064876e-06,1
11.02200,0.699800,-4.541628767813e-06,1
11.04204,0.697796,-4.372122675117e-06,1
11.06208,0.695792,-4.333783268450e-06,1
11.08212,0.693788,-4.513621446756e-06,1
11.10216,0.691784,-4.506070977828e-06,1
11.12220,0.689780,-4.328630914907e-06,1
11.14224,0.687776,-4.382358176867e-06,1
11.16228,0.685772,-4.546405758678e-06,1
11.18232,0.683768,-4.450857683963e-06,1
11.20236,0.681764,-4.311884231571e-06,1
11.22240,0.679760,-4.443696677357e-06,1
11.24244,0.677756,-4.549155956593e-06,1
11.26248,0.675752,-4.390620258487e-06,1
11.28252,0.673747,-4.326466325634e-06,1
11.30256,0.671743,-4.501986228495e-06,1
11.32260,0.669739,-4.521363057785e-06,1
11.34264,0.667735,-4.341302402065e-06,1
11.36268,0.665731,-4.368777663715e-06,1
11.38272,0.663727,-4.542210689732e-06,1
11.40276,0.661723,-4.470496089702e-06,1
11.42280,0.659719,-4.315995569118e-06,1
11.44284,0.657715,-4.427975694717e-06,1
11.46288,0.655711,-4.554072612677e-06,1
11.48292,0.653707,-4.410051142507e-06,1
11.50296,0.651703,-4.321519414214e-06,1
11.52300,0.649699,-4.488806978589e-06,1
11.54304,0.647695,-4.534682986298e-06,1
11.56308,0.645691,-4.356026122580e-06,1
11.58312,0.643687,-4.356640464071e-06,1
11.60316,0.641683,-4.535591461436e-06,1
11.62320,0.639679,-4.489315861111e-06,1
11.64324,0.637675,-4.322742019076e-06,1
11.66328,0.635671,-4.412394306967e-06,1
11.68332,0.633667,-4.556318184299e-06,1
11.70336,0.631663,-4.430030740713e-06,1
11.72340,0.629659,-4.319102189682e-06,1
11.74344,0.627655,-4.474427142084e-06,1
11.76348,0.625651,-4.545782605928e-06,1
11.78352,0.623647,-4.372522578924e-06,1
11.80356,0.621643,-4.346266758918e-06,1
11.82360,0.619639,-4.526745064351e-06,1
11.84364,0.617635,-4.506946055112e-06,1
11.86368,0.615631,-4.332022179111e-06,1
11.88372,0.613627,-4.397349587835e-06,1
11.90376,0.611623,-4.555891752793e-06,1
11.92380,0.609619,-4.450162216827e-06,1
11.94384,0.607615,-4.319317832027e-06,1
11.96388,0.605611,-4.459216968248e-06,1
11.98392,0.603607,-4.554463329342e-06,1
12.00396,0.601603,-4.390472698060e-06,1
12.02400,0.599599,-4.337937360524e-06,1
12.04404,0.597595,-4.515918213777e-06,1
12.06408,0.595591,-4.523042289667e-06,1
12.08412,0.593587,-4.343678085511e-06,1
12.10416,0.591583,-4.383226635769e-06,1
12.12420,0.589579,-4.552852060837e-06,1
12.14424,0.587575,-4.470045354555e-06,1
12.16428,0.585571,-4.322210755892e-06,1
12.18432,0.583567,-4.443565262786e-06,1
12.20436,0.581563,-4.560580596854e-06,1
12.22440,0.579559,-4.409524986545e-06,1
12.24444,0.577555,-4.331887484992e-06,1
12.26448,0.575551,-4.503401896683e-06,1
12.28452,0.573547,-4.537294504296e-06,1
12.30456,0.571543,-4.357498834144e-06,1
12.32460,0.569539,-4.370390099801e-06,1
12.34464,0.567535,-4.547316361782e-06,1
12.36468,0.565531,-4.489285701735e-06,1
12.38472,0.563527,-4.327765890618e-06,1
12.40476,0.561523,-4.427871059540e-06,1
12.42480,0.559519,-4.564047558738e-06,1
12.44484,0.557515,-4.429303964717e-06,1
12.46488,0.555511,-4.328302256652e-06,1
12.48492,0.553507,-4.489525846095e-06,1
12.50496,0.551503,-4.549435126674e-06,1
12.52500,0.549499,-4.373226880745e-06,1
12.54504,0.547495,-4.359178070400e-06,1
12.56508,0.545491,-4.539460389700e-06,1
12.58512,0.543487,-4.507506665430e-06,1
12.60516,0.541483,-4.335913187483e-06,1
12.62520,0.539479,-4.412539989732e-06,1
12.64524,0.537475,-4.564843678329e-06,1
12.66528,0.535471,-4.449426945749e-06,1
12.68532,0.533467,-4.327323130854e-06,1
12.70536,0.531463,-4.474664421166e-06,1
12.72540,0.529459,-4.559261620378e-06,1
12.74544,0.527455,-4.390584490551e-06,1
12.76548,0.525451,-4.349920327159e-06,1
12.78552,0.523447,-4.529546510854e-06,1
12.80556,0.521443,-4.524397713353e-06,1
12.82560,0.519439,-4.346578444270e-06,1
12.84564,0.517435,-4.398036069603e-06,1
12.86568,0.515431,-4.563090171811e-06,1
12.88572,0.513427,-4.469604775652e-06,1
12.90576,0.511423,-4.329157843912e-06,1
12.92580,0.509419,-4.459366697662e-06,1
12.94584,0.507415,-4.566810086423e-06,1
12.96588,0.505411,-4.409485955834e-06,1
12.98592,0.503407,-4.343181423853e-06,1
13.00596,0.501403,-4.518221624598e-06,1
13.02600,0.499399,-4.540088870546e-06,1
13.04604,0.497395,-4.360128699295e-06,1
13.06608,0.495391,-4.385405785586e-06,1
13.08612,0.493387,-4.559689482684e-06,1
13.10616,0.491383,-4.490418100245e-06,1
13.12620,0.489379,-4.334996391048e-06,1
13.14624,0.487375,-4.445442540329e-06,1
13.16628,0.485371,-4.573661657853e-06,1
13.18632,0.483367,-4.431591535686e-06,1
13.20636,0.481363,-4.341586301274e-06,1
13.22640,0.479359,-4.508674560700e-06,1
13.24644,0.477355,-4.557707489443e-06,1
13.26648,0.475351,-4.380373290673e-06,1
13.28652,0.473347,-4.379783653392e-06,1
13.30656,0.471343,-4.560432998284e-06,1
13.32660,0.469339,-4.518120541680e-06,1
13.34664,0.467335,-4.352589168877e-06,1
13.36668,0.465331,-4.442427638938e-06,1
13.38672,0.463327,-4.590438307458e-06,1
13.40676,0.461323,-4.468965741850e-06,1
13.42680,0.459319,-4.359774334202e-06,1
13.44684,0.457315,-4.518063113313e-06,1
13.46688,0.455311,-4.596476377951e-06,1
13.48692,0.453307,-4.429516992120e-06,1
13.50696,0.451303,-4.407403192990e-06,1
13.52700,0.449299,-4.595318736619e-06,1
13.54704,0.447295,-4.586517957714e-06,1
13.56708,0.445291,-4.420931253884e-06,1
13.58712,0.443287,-4.495348006471e-06,1
13.60716,0.441283,-4.667958525523e-06,1
13.62720,0.439279,-4.578923401375e-06,1
13.64724,0.437275,-4.463226967040e-06,1
13.66728,0.435271,-4.620647134820e-06,1
13.68732,0.433267,-4.739487384178e-06,1
13.70736,0.431263,-4.600876156004e-06,1
13.72740,0.429259,-4.573546927958e-06,1
13.74744,0.427255,-4.782041504714e-06,1
13.76748,0.425251,-4.826276601408e-06,1
13.78752,0.423246,-4.685606647010e-06,1
13.80756,0.421242,-4.766291281815e-06,1
13.82760,0.419238,-4.985201365765e-06,1
13.84764,0.417234,-4.958470498578e-06,1
13.86768,0.415230,-4.869175147922e-06,1
13.88772,0.413226,-5.055090407543e-06,1
13.90776,0.411222,-5.247238827445e-06,1
13.92780,0.409218,-5.178349585921e-06,1
13.94784,0.407214,-5.187512901465e-06,1
13.96788,0.405210,-5.455903604807e-06,1
13.98792,0.403206,-5.599066872408e-06,1
14.00796,0.401202,-5.536251602838e-06,1
14.02800,0.399198,-5.674099419247e-06,1
14.04804,0.397194,-5.989967905482e-06,1
14.06808,0.395190,-6.084449209945e-06,1
14.08812,0.393186,-6.084502289868e-06,1
14.10816,0.391182,-6.358194879362e-06,1
14.12820,0.389178,-6.685065795497e-06,1
14.14824,0.387174,-6.755157104506e-06,1
14.16828,0.385170,-6.870041366715e-06,1
14.18832,0.383166,-7.263126214271e-06,1
14.20836,0.381162,-7.573760091656e-06,1
14.22840,0.379158,-7.662427147031e-06,1
14.24844,0.377154,-7.926556561805e-06,1
14.26848,0.375150,-8.403928577637e-06,1
14.28852,0.373146,-8.687888954817e-06,1
14.30856,0.371142,-8.845772748756e-06,1
14.32860,0.369138,-9.267004007526e-06,1
14.34864,0.367134,-9.783797480545e-06,1
14.36868,0.365130,-1.004962772324e-05,1
14.38872,0.363126,-1.032098452134e-05,1
14.40876,0.361122,-1.087743989314e-05,1
14.42880,0.359118,-1.138932258214e-05,1
14.44884,0.357114,-1.166058391807e-05,1
14.46888,0.355110,-1.206968675622e-05,1
14.48892,0.353106,-1.271312167130e-05,1
14.50896,0.351102,-1.318522147490e-05,1
14.52900,0.349098,-1.349138435023e-05,1
14.54904,0.347094,-1.403293486985e-05,1
14.56908,0.345090,-1.469780836815e-05,1
14.58912,0.343086,-1.511002029570e-05,1
14.60916,0.341082,-1.547470954908e-05,1
14.62920,0.339078,-1.611092744905e-05,1
14.64924,0.337074,-1.672700970292e-05,1
14.66928,0.335070,-1.707453963892e-05,1
14.68932,0.333066,-1.750448393160e-05,1
14.70936,0.331062,-1.816994921606e-05,1
14.72940,0.329058,-1.867551996696e-05,1
14.74944,0.327054,-1.896489899741e-05,1
14.76948,0.325050,-1.944287200131e-05,1
14.78952,0.323046,-2.005627762638e-05,1
14.80956,0.321042,-2.040890779386e-05,1
14.82960,0.319038,-2.065097108136e-05,1
14.84964,0.317034,-2.113503004681e-05,1
14.86968,0.315030,-2.161524163629e-05,1
14.88972,0.313026,-2.179780897142e-05,1
14.90976,0.311022,-2.199993679589e-05,1
14.92980,0.309018,-2.242961386485e-05,1
14.94984,0.307014,-2.271228739888e-05,1
14.96988,0.305010,-2.273308675287e-05,1
14.98992,0.303006,-2.289314953432e-05,1
15.00996,0.301002,-2.320137448436e-05,1
15.03000,0.298998,-2.325216585056e-05,1
15.05004,0.296994,-2.313943664528e-05,1
15.07008,0.294990,-2.324335241909e-05,1
15.09012,0.292986,-2.337129388766e-05,1
15.11016,0.290982,-2.319248495015e-05,1
15.13020,0.288978,-2.298503364261e-05,1
15.15024,0.286974,-2.300879740798e-05,1
15.17028,0.284970,-2.291994048856e-05,1
15.19032,0.282966,-2.254891861837e-05,1
15.21036,0.280962,-2.228542677569e-05,1
15.23040,0.278958,-2.220119654177e-05,1
15.25044,0.276954,-2.189106856077e-05,1
15.27048,0.274950,-2.139112005435e-05,1
15.29052,0.272946,-2.110096864179e-05,1
15.31056,0.270942,-2.088563097133e-05,1
15.33060,0.268938,-2.038462226572e-05,1
15.35064,0.266934,-1.983040638501e-05,1
15.37068,0.264930,-1.952834948115e-05,1
15.39072,0.262926,-1.917223796304e-05,1
15.41076,0.260922,-1.854066569568e-05,1
15.43080,0.258918,-1.800202216215e-05,1
15.45084,0.256914,-1.768793338068e-05,1
15.47088,0.254910,-1.720122795977e-05,1
15.49092,0.252906,-1.651771063839e-05,1
15.51096,0.250902,-1.604578153648e-05,1
15.53100,0.248898,-1.570926406879e-05,1
15.55104,0.246894,-1.512409810638e-05,1
15.57108,0.244890,-1.446995030921e-05,1
15.59112,0.242886,-1.408888979941e-05,1
15.61116,0.240882,-1.371717117537e-05,1
15.63120,0.238878,-1.308449977447e-05,1
15.65124,0.236874,-1.252780794087e-05,1
15.67128,0.234870,-1.223381320396e-05,1
15.69132,0.232866,-1.182041671412e-05,1
15.71136,0.230862,-1.120200775320e-05,1
15.73140,0.228858,-1.078508280550e-05,1
15.75144,0.226854,-1.055253224289e-05,1
15.77148,0.224850,-1.010399350915e-05,1
15.79152,0.222846,-9.561171609913e-06,1
15.81156,0.220842,-9.294203046428e-06,1
15.83160,0.218838,-9.086858804831e-06,1
15.85164,0.216834,-8.625310868954e-06,1
15.87168,0.214830,-8.206993626654e-06,1
15.89172,0.212826,-8.069187137184e-06,1
15.91176,0.210822,-7.853189118762e-06,1
15.93180,0.208818,-7.413826217210e-06,1
15.95184,0.206814,-7.146698033023e-06,1
15.97188,0.204810,-7.094357169606e-06,1
15.99192,0.202806,-6.849411371611e-06,1
16.01196,0.200802,-6.473331481460e-06,1
16.03200,0.198798,-6.356600786764e-06,1
16.05204,0.196794,-6.335962722027e-06,1
16.07208,0.194790,-6.061764101396e-06,1
16.09212,0.192786,-5.786063356718e-06,1
16.11216,0.190782,-5.792215835341e-06,1
16.13220,0.188778,-5.753769503437e-06,1
16.15224,0.186774,-5.470098458493e-06,1
16.17228,0.184770,-5.317954752397e-06,1
16.19232,0.182766,-5.399485988575e-06,1
16.21236,0.180762,-5.310239872888e-06,1
16.23240,0.178758,-5.050938031979e-06,1
16.25244,0.176754,-5.024525003675e-06,1
16.27248,0.174749,-5.125161379110e-06,1
16.29252,0.172745,-4.975936712150e-06,1
16.31256,0.170741,-4.778624840421e-06,1
16.33260,0.168737,-4.857001906807e-06,1
16.35264,0.166733,-4.924775598809e-06,1
16.37268,0.164729,-4.730915536578e-06,1
16.39272,0.162725,-4.625430598673e-06,1
16.41276,0.160721,-4.768244385003e-06,1
16.43280,0.158717,-4.767281821691e-06,1
16.45284,0.156713,-4.562854126961e-06,1
16.47288,0.154709,-4.561674824387e-06,1
16.49292,0.152705,-4.717938832505e-06,1
16.51296,0.150701,-4.636100442756e-06,1
16.53300,0.148697,-4.463307412729e-06,1
16.55304,0.146693,-4.556650285815e-06,1
16.57308,0.144689,-4.676472072177e-06,1
16.59312,0.142685,-4.526991627163e-06,1
16.61316,0.140681,-4.423678703540e-06,1
16.63320,0.138677,-4.580652771434e-06,1
16.65324,0.136673,-4.626934851791e-06,1
16.67328,0.134669,-4.443702715743e-06,1
16.69332,0.132665,-4.432285107566e-06,1
16.71336,0.130661,-4.607844964525e-06,1
16.73340,0.128657,-4.564930720777e-06,1
16.75344,0.126653,-4.392667914591e-06,1
16.77348,0.124649,-4.473370976095e-06,1
16.79352,0.122645,-4.619245156065e-06,1
16.81356,0.120641,-4.496235279976e-06,1
16.83360,0.118637,-4.378100922661e-06,1
16.85364,0.116633,-4.528249170337e-06,1
16.87368,0.114629,-4.604952844545e-06,1
16.89372,0.112625,-4.432785082713e-06,1
16.91376,0.110621,-4.398609661533e-06,1
16.93380,0.108617,-4.578102925538e-06,1
16.95384,0.106613,-4.564848104940e-06,1
16.97388,0.104609,-4.387852959224e-06,1
16.99392,0.102605,-4.446020418645e-06,1
17.01396,0.100601,-4.607516374387e-06,1
17.03400,0.098597,-4.507381360267e-06,1
17.05404,0.096593,-4.371470903250e-06,1
17.07408,0.094589,-4.506522947867e-06,1
17.09412,0.092585,-4.607621038882e-06,1
17.11416,0.090581,-4.446585588518e-06,1
17.13420,0.088577,-4.387119474737e-06,1
17.15424,0.086573,-4.563669101763e-06,1
17.17428,0.084569,-4.577876981472e-06,1
17.19432,0.082565,-4.397941253476e-06,1
17.21436,0.080561,-4.430407844411e-06,1
17.23440,0.078557,-4.602310713423e-06,1
17.25444,0.076553,-4.525901884555e-06,1
17.27448,0.074549,-4.374061947957e-06,1
17.29452,0.072545,-4.489986262518e-06,1
17.31456,0.070541,-4.612353921057e-06,1
17.33460,0.068537,-4.465306886941e-06,1
17.35464,0.066533,-4.381249828329e-06,1
17.37468,0.064529,-4.550382259730e-06,1
17.39472,0.062525,-4.591285958327e-06,1
17.41476,0.060521,-4.412047672179e-06,1
17.43480,0.058517,-4.417769826620e-06,1
17.45484,0.056513,-4.595974560461e-06,1
17.47488,0.054509,-4.544774302078e-06,1
17.49492,0.052505,-4.380208463886e-06,1
17.51496,0.050501,-4.474262172780e-06,1
17.53500,0.048497,-4.615039248773e-06,1
17.55504,0.046493,-4.485157637641e-06,1
17.57508,0.044489,-4.378299186637e-06,1
17.59512,0.042485,-4.536167216253e-06,1
17.61516,0.040481,-4.602795470136e-06,1
17.63520,0.038477,-4.428209112297e-06,1
17.65524,0.036473,-4.407021182887e-06,1
17.67528,0.034469,-4.587519018884e-06,1
17.69532,0.032465,-4.562646414316e-06,1
17.71536,0.030461,-4.389009893890e-06,1
17.73540,0.028457,-4.459078753514e-06,1
17.75544,0.026453,-4.615111427295e-06,1
17.77548,0.024449,-4.505286863959e-06,1
17.79552,0.022445,-4.378007024571e-06,1
17.81556,0.020441,-4.521082497964e-06,1
17.83560,0.018437,-4.611945693867e-06,1
17.85564,0.016433,-4.445908131979e-06,1
17.87568,0.014429,-4.398283364134e-06,1
17.89572,0.012425,-4.577045696467e-06,1
17.91576,0.010421,-4.579057783828e-06,1
17.93580,0.008417,-4.400229372054e-06,1
17.95584,0.006413,-4.444751817609e-06,1
17.97588,0.004409,-4.612559711160e-06,1
17.99592,0.002405,-4.525247449094e-06,1
18.01596,0.000401,-4.380391397035e-06,1
18.03600,-0.001603,-4.505483904020e-06,1
18.05604,-0.003607,-4.618557431654e-06,1
18.07608,-0.005611,-4.464779560247e-06,1
18.09612,-0.007615,-4.391785336349e-06,1
18.11616,-0.009619,-4.564825455851e-06,1
18.13620,-0.011623,-4.593681587322e-06,1
18.15624,-0.013627,-4.413658001881e-06,1
18.17628,-0.015631,-4.431644407789e-06,1
18.19632,-0.017635,-4.607485536456e-06,1
18.21636,-0.019639,-4.544639250105e-06,1
18.23640,-0.021643,-4.385445359699e-06,1
18.25644,-0.023647,-4.489766601055e-06,1
18.27648,-0.025651,-4.622530498759e-06,1
18.29652,-0.027655,-4.484449905410e-06,1
18.31656,-0.029659,-4.387720298719e-06,1
18.33660,-0.031663,-4.551179489183e-06,1
18.35664,-0.033667,-4.606239905030e-06,1
18.37668,-0.035671,-4.429044694334e-06,1
18.39672,-0.037675,-4.420097975765e-06,1
18.41676,-0.039679,-4.600051099980e-06,1
18.43680,-0.041683,-4.563078322642e-06,1
18.45684,-0.043687,-4.393105118696e-06,1
18.47688,-0.045691,-4.474330561720e-06,1
18.49692,-0.047695,-4.623825306082e-06,1
18.51696,-0.049699,-4.504529156262e-06,1
18.53700,-0.051703,-4.386228158770e-06,1
18.55704,-0.053707,-4.536461615664e-06,1
18.57708,-0.055711,-4.616501548278e-06,1
18.59712,-0.057715,-4.446095124783e-06,1
18.61716,-0.059719,-4.410419493771e-06,1
18.63720,-0.061723,-4.590471577221e-06,1
18.65724,-0.063727,-4.580202211638e-06,1
18.67728,-0.065731,-4.403248873302e-06,1
18.69732,-0.067735,-4.459569608351e-06,1
18.71736,-0.069739,-4.622462156119e-06,1
18.73740,-0.071743,-4.524618247869e-06,1
18.75744,-0.073747,-4.387391440541e-06,1
18.77748,-0.075752,-4.521049628662e-06,1
18.79752,-0.077756,-4.624286635359e-06,1
18.81756,-0.079760,-4.464477850080e-06,1
18.83760,-0.081764,-4.402874250313e-06,1
18.85764,-0.083768,-4.579010047593e-06,1
18.87768,-0.085772,-4.595677834588e-06,1
18.89772,-0.087776,-4.415699374818e-06,1
18.91776,-0.089780,-4.445862497772e-06,1
18.93780,-0.091784,-4.618520695578e-06,1
18.95784,-0.093788,-4.544317898942e-06,1
18.97788,-0.095792,-4.391233387435e-06,1
18.99792,-0.097796,-4.505336819693e-06,1
19.01796,-0.099800,-4.629470575830e-06,1
19.03800,-0.101804,-4.483831684186e-06,1
19.05804,-0.103808,-4.397679909420e-06,1
19.07808,-0.105812,-4.565971607452e-06,1
19.09812,-0.107816,-4.609208907447e-06,1
19.11816,-0.109820,-4.430227875993e-06,1
19.13820,-0.111824,-4.433564459653e-06,1
19.15824,-0.113828,-4.612138132921e-06,1
19.17828,-0.115832,-4.563237522691e-06,1
19.19832,-0.117836,-4.397717440898e-06,1
19.21836,-0.119840,-4.489723196280e-06,1
19.23840,-0.121844,-4.631986850707e-06,1
19.25844,-0.123848,-4.503773760785e-06,1
19.27848,-0.125852,-4.395001650507e-06,1
19.29852,-0.127856,-4.551696558197e-06,1
19.31856,-0.129860,-4.620542558878e-06,1
19.33860,-0.131864,-4.446559237588e-06,1
19.35864,-0.133868,-4.422999265684e-06,1
19.37868,-0.135872,-4.603506174989e-06,1
19.39872,-0.137876,-4.581003946683e-06,1
19.41876,-0.139880,-4.406748056515e-06,1
19.43880,-0.141884,-4.474606551597e-06,1
19.45884,-0.143888,-4.631828497484e-06,1
19.47888,-0.145892,-4.523908080864e-06,1
19.49892,-0.147896,-4.394948480668e-06,1
19.51896,-0.149900,-4.536552808914e-06,1
19.53900,-0.151904,-4.629474975668e-06,1
19.55904,-0.153908,-4.464378070936e-06,1
19.57908,-0.155912,-4.414452001265e-06,1
19.59912,-0.157916,-4.592866747078e-06,1
19.61916,-0.159920,-4.597269744033e-06,1
19.63920,-0.161924,-4.418172837072e-06,1
19.65924,-0.163928,-4.460373583614e-06,1
19.67928,-0.165932,-4.629048265564e-06,1
19.69932,-0.167936,-4.543834353513e-06,1
19.71936,-0.169940,-4.397570801056e-06,1
19.73940,-0.171944,-4.520927662691e-06,1
19.75944,-0.173948,-4.635855952920e-06,1
19.77948,-0.175952,-4.483335779099e-06,1
19.79952,-0.177956,-4.408162700884e-06,1
19.81956,-0.179960,-4.580506591883e-06,1
19.83960,-0.181964,-4.611720989819e-06,1
19.85964,-0.183968,-4.431785934870e-06,1
19.87968,-0.185972,-4.447391261939e-06,1
19.89972,-0.187976,-4.623757438623e-06,1
19.91976,-0.189980,-4.563156932545e-06,1
19.93980,-0.191984,-4.402859281664e-06,1
19.95984,-0.193988,-4.505219169953e-06,1
19.97988,-0.195992,-4.639592247432e-06,1
19.99992,-0.197996,-4.503058339396e-06,1
20.01996,-0.200000,-4.404320989271e-06,1
